{"cameraMode":{"drawMode":0,"name":"Shaded","section":"Shading Mode"},"sceneLighting":true,"audioPlay":false,"sceneViewState":{"m_AlwaysRefresh":false,"showFog":true,"showSkybox":true,"showFlares":true,"showImageEffects":true,"showParticleSystems":true,"showVisualEffectGraphs":true,"m_FxEnabled":true},"in2DMode":false,"pivot":{"x":0.9613057971000671,"y":-2.3448240756988527,"z":9.242195129394532},"rotation":{"x":-0.17375199496746064,"y":0.6842700242996216,"z":-0.17312723398208619,"w":-0.6867387294769287},"size":20.459333419799806,"orthographic":false}